Name,Description,Category,Card,Date,Status,OCost,Cost,Savings
Trader Vics,,Food,A.S 1008,5/1/2026,Procured,38,38,0
World Wrapps,,Food,A.S 1008,4/30/2026,Procured,33,33,0
Harrys Hoffbrau,,Food,A.S 1008,4/30/2026,Procured,25,25,0
Rabbit Rabbit Cream,,Food,A.S 1008,4/30/2026,Procured,7,7,0
Sigonas,Orange Juice,Food,HILTON HONORS SURPASS,4/30/2026,Procured,5,5,0
Hilton Garden Inn,Hilton Garden Inn,Travel,HILTON HONORS SURPASS,4/29/2026,Procured,545,545,0
Auntie Annes,,Food,A.S 1008,4/28/2026,Procured,10,10,0
Tendon Kohaku,,Food,A.S 1008,4/28/2026,Procured,41,41,0
Brodard Express,,Food,A.S 1008,4/28/2026,Procured,10,10,0
Hot C Pot,,Food,A.S 1008,4/27/2026,Procured,27,27,0
Smoke Queen,Smoke Queen,Food,A.S 1008,4/25/2026,Procured,,37,
Costco,Costco,Food,C.F 3882,4/25/2026,Procured,,127,
Junbi,Junbi,Food,A.S 1008,4/25/2026,Procured,,9,
Phoholic,Phoholic,Food,A.S 1008,4/24/2026,Procured,,18,
Cha Redefine,Cha Redefine,Food,A.S 1008,4/24/2026,Procured,,8,
Halal Guys,Halal Guys,Food,A.S 1008,4/23/2026,Procured,,23,
Paradise Dynasty,Paradise Dynasty,Food,A.S 1008,4/22/2026,Procured,,23,
Flame Broiler,Flame Broiler,Food,A.S 1008,4/21/2026,Procured,,15,
TK Burger,TK Burger,Food,A.S 1008,4/20/2026,Procured,,15,
Dada Shabu,Dada Shabu,Food,A.S 1008,4/19/2026,Procured,,49,
Pokemon Cards,Umbreon/Charizard/Reshiram/Etc,Fun,A.S 1008,4/19/2026,Procured,612,516,96
Pokemon Box,Mega Charizard X ex UPC,Fun,A.S 1008,4/19/2026,Procured,200,140,60
14 AWG Cable,AWG Cable for Appliances,Home,A.S 1008,4/18/2026,Procured,8,8,0
Galpao Gaucho,Galpao Gaucho,Food,A.S 1008,4/18/2026,Procured,,100,
Display Case,LANSCOERY Case,Fun,A.S 1008,4/17/2026,Procured,55,46,9
Capital Noodle,,Food,A.S 1008,4/17/2026,Procured,21,21,0
Ikes Love and Sandwiches,Ikes Love and Sandwiches,Food,A.S 1008,4/16/2026,Procured,,31,
Vox,Vox,Food,A.S 1008,4/15/2026,Procured,,14,
Compact Mini Fridge,"Frigidaire Combo, 3.1 cu",Home,A.S 1008,4/15/2026,Procured,260,158,102
Slurpin Ramen,Slurpin Ramen,Food,A.S 1008,4/14/2026,Procured,,14,
McDonalds,McDonalds,Food,A.S 1008,4/14/2026,Procured,,17,
Rooster Cafe,Rooster Cafe,Food,A.S 1008,4/13/2026,Procured,,17,
Star KBBQ,Star KBBQ,Food,A.S 1008,4/12/2026,Procured,,43,
Karaoke,Ding Dong Dang,Fun,A.S 1008,4/12/2026,Procured,14,14,0
Sukiya,Sukiya,Food,A.S 1008,4/10/2026,Procured,,92,
Pokemon Cards,GasMeUp Event,Fun,A.S 1008,4/10/2026,Procured,72,72,0
Pho Nic,Pho Nic,Food,A.S 1008,4/9/2026,Procured,,18,
Chicken Skewers,Chicken Skewers,Food,A.S 1008,4/8/2026,Procured,,60,
Card Binder/Sleeves,VaultX 4 Pocket + Sleeves,Fun,A.S 1008,4/7/2026,Procured,35,32,3
Car Wash,24/7 Car Wash,Tesla,A.S 1008,4/6/2026,Procured,15,15,0
No 1 Chinese,,Food,A.S 1008,4/6/2026,Procured,12,12,0
Starbucks,Starbucks,Food,A.S 1008,4/5/2026,Procured,,14,
Happy Burger Diner,Happy Burger Diner,Food,A.S 1008,4/4/2026,Procured,,48,
Pokemon Booster,Black Bolt,Fun,A.S 1008,4/3/2026,Procured,70,70,0
Little Shop of Ramen,Little Shop of Ramen,Food,A.S 1008,4/3/2026,Procured,,43,
Pho Ha Noi,Pho Ha Noi,Food,A.S 1008,4/2/2026,Procured,,28,
Brazuca,Brazuca,Food,A.S 1008,4/1/2026,Procured,,26,
Vox,Vox,Food,A.S 1008,3/31/2026,Procured,,14,
Magnetic Pen Holder,Magnet Pencil Cup Storage,Home,A.S 1008,3/30/2026,Procured,6,6,0
Rooster Cafe,Rooster Cafe,Food,A.S 1008,3/30/2026,Procured,,17,
Tesla Snow Chains,Konig CG-9 103,Tesla,A.S 1008,3/30/2026,Procured,200,200,0
Yosemite Airbnb,Rustic House Mariposa,Travel,A.S 1008,3/30/2026,Procured,500,500,0
Com Tam TQC,Com Tam TQC,Food,A.S 1008,3/29/2026,Procured,,16,
Pentel .4 Gel Refill,Pentel XLRN4-A,Fun,A.S 1008,3/28/2026,Procured,6,6,0
Cuticle Trimmer,Tweezerman Rockhard,Health,A.S 1008,3/28/2026,Procured,28,22,6
ZWILLING Vacuum Sealer,ZWILLING Fresh & Save,Home,A.S 1008,3/28/2026,Procured,80,62,18
Hot C Pot,Hot C Pot,Food,A.S 1008,3/28/2026,Procured,,55,
Bolt Action Pen,Refyne EP1L Pen + Stand,Fun,A.S 1008,3/27/2026,Procured,108,92,16
Costco,Costco,Food,A.S 1008,3/27/2026,Procured,,30,
McDonalds,McDonalds,Food,A.S 1008,3/27/2026,Procured,,21,
Zwilling Warehouse,Glassware + Knife + Cookware,Home,A.S 1008,3/27/2026,Procured,490,160,330
Chafinity,Chafinity,Food,A.S 1008,3/26/2026,Procured,,9,
Wendys,Wendys,Food,A.S 1008,3/26/2026,Procured,,11,
Cha Redefined,Cha Redefined,Food,A.S 1008,3/25/2026,Procured,,8,
Pho Dakao,Pho Dakao,Food,A.S 1008,3/25/2026,Procured,,18,
California Fish Grill,California Fish Grill,Food,A.S 1008,3/24/2026,Procured,,27,
Afters,Afters,Food,A.S 1008,3/24/2026,Procured,,7,
Boutcha,Boutcha,Food,A.S 1008,3/22/2026,Procured,,8,
Pradera,Pradera,Food,A.S 1008,3/22/2026,Procured,,72,
Pure Vida,Pure Vida,Food,A.S 1008,3/22/2026,Procured,,10,
Chicken Skewers,Chicken Skewers,Food,A.S 1008,3/20/2026,Procured,,60,
Drill Bits,Dewalt Black Gold,Home,A.S 1008,3/20/2026,Procured,31,31,0
Check-In Luggage,Alaska + Southwest,Travel,A.S 1008,3/20/2026,Procured,105,105,0
Udon Mugizo,Udon Mugizo,Food,A.S 1008,3/19/2026,Procured,,63,
Nijiya Market,Nijiya Market,Food,A.S 1008,3/19/2026,Procured,,2,
Costco,Costco,Food,A.S 1008,3/15/2026,Procured,,33,
Costco,FogoDeChao Cards,Gift,A.S 1008,3/15/2026,Procured,400,320,80
Blootie Bday Gift,OSTBA Meat Slicer,Gift,A.S 1008,3/15/2026,Procured,109,91,18
House of Shabu 2,House of Shabu 2,Food,A.S 1008,3/14/2026,Procured,,265,
Slurpin Ramen,Slurpin Ramen,Food,A.S 1008,3/13/2026,Procured,,27,
Uroko,Uroko,Food,A.S 1008,3/13/2026,Procured,,21,
Kappo Honda,Kappo Honda,Food,A.S 1008,3/12/2026,Procured,,55,
Ka Don Katsu,Ka Don Katsu,Food,A.S 1008,3/11/2026,Procured,,21,
Thai Station,Thai Station,Food,A.S 1008,3/11/2026,Procured,,19,
Riot Points,Arcana Tahm Kench,Fun,A.S 1008,3/11/2026,Procured,11,11,0
7 Leaves,7 Leaves,Food,A.S 1008,3/10/2026,Procured,,7,
Taco Stand,Taco Stand,Food,A.S 1008,3/9/2026,Procured,,11,
Slice House,Slice House,Food,A.S 1008,3/8/2026,Procured,,17,
Avenue Shabu,Avenue Shabu,Food,A.S 1008,3/7/2026,Procured,,80,
Vox,Vox,Food,A.S 1008,3/6/2026,Procured,,25,
Simply Pho,Simply Pho,Food,A.S 1008,3/6/2026,Procured,,19,
Rooster Cafe,Rooster Cafe,Food,A.S 1008,3/5/2026,Procured,,17,
Taco Stand,Taco Stand,Food,A.S 1008,3/4/2026,Procured,,20,
Haneda Yaki,Haneda Yaki,Food,A.S 1008,3/3/2026,Procured,,29,
Shibuya Disney,Dr Baymax,Gift,A.S 1008,3/3/2026,Procured,19,19,0
Fuji Merch,Lucky Charms,Gift,A.S 1008,3/3/2026,Procured,43,43,0
Conrad Tokyo,Conrad Tokyo,Travel,A.S 1008,3/3/2026,Procured,400,400,0
Tomonds,Nail clipper + Shampoo,Health,A.S 1008,3/2/2026,Procured,35,35,0
Suica,Suica,Travel,A.S 1008,3/2/2026,Procured,6,6,0
Descente,Aero Stretch Jacket,Apparel,A.S 1008,3/1/2026,Procured,211,211,0
Conrad Tokyo,Security Deposit,Travel,A.S 1008,3/1/2026,Procured,640,640,0
Shibuya Karaoke,Karaoke Rainbow,Fun,A.S 1008,3/1/2026,Procured,123,123,0
Rio Brewing Co,Rio Brewing Co,Food,A.S 1008,3/1/2026,Procured,,31,
Umbrellas,WPA UV Umbrellas,Gift,A.S 1008,2/27/2026,Procured,54,54,0
Ohtani Merch Beth,Ohtani XL Jersey,Gift,A.S 1008,2/27/2026,Procured,128,128,0
Rilakkuma Merch,Duck + Bear,Gift,A.S 1008,2/27/2026,Procured,22,22,0
Pokemon Card,Leafeon,Gift,A.S 1008,2/27/2026,Procured,38,38,0
Don Quixote,Nose Mint + Kitkat,Gift,A.S 1008,2/27/2026,Procured,37,37,0
Shibuya Matcha,Suzuki Choju Shoten,Gift,A.S 1008,2/27/2026,Procured,35,35,0
Ginza Happo,Ginza Happo,Food,A.S 1008,2/27/2026,Procured,,691,
Pot Made Bakery,Pot Made Bakery,Food,A.S 1008,2/27/2026,Procured,,30,
Saunas,Saunas,Food,A.S 1008,2/27/2026,Procured,,9,
Banana Biyori,Banana Biyori,Food,A.S 1008,2/26/2026,Procured,,4,
Melon Ice Cream,Melon Ice Cream,Food,A.S 1008,2/26/2026,Procured,,3,
Saboten Tonkatsu,Saboten Tonkatsu,Food,A.S 1008,2/26/2026,Procured,,26,
Nakayoshi Shibuya,Nakayoshi Shibuya,Food,A.S 1008,2/25/2026,Procured,,19,
7-11 Shibuya,7-11 Shibuya,Food,A.S 1008,2/25/2026,Procured,,17,
Tokyo DisneySea Merch,Nick Judy Hats,Fun,A.S 1008,2/25/2026,Procured,41,41,0
Hareruya2,Zekrom Pokemon Card,Fun,A.S 1008,2/25/2026,Procured,15,15,0
Nakayoshi,Nakayoshi,Food,A.S 1008,2/25/2026,Procured,,19,
7-11 Shibuya,7-11 Shibuya,Food,A.S 1008,2/25/2026,Procured,,17,
Coco Ichibanya Sunshine,Coco Ichibanya Sunshine,Food,A.S 1008,2/25/2026,Procured,,26,
Tokyo Matcha,Tokyo Matcha,Food,A.S 1008,2/25/2026,Procured,,11,
Disney Popcorn,Disney Popcorn,Food,A.S 1008,2/24/2026,Procured,,3,
Shibuya Starbucks,Shibuya Starbucks,Food,A.S 1008,2/23/2026,Procured,,5,
Shibuya McDonalds,Shibuya McDonalds,Food,A.S 1008,2/23/2026,Procured,,5,
Shibuya Muji,Shibuya Muji,Food,A.S 1008,2/23/2026,Procured,,11,
Shibuya Zeniba,Shibuya Zeniba,Food,A.S 1008,2/23/2026,Procured,,92,
Shibuya Stream Fee,Hotel Convenience Fee,Travel,A.S 1008,2/23/2026,Procured,13,13,0
Anker Qi2 Charger,Anker MagGo Slim,Tech,A.S 1008,2/23/2026,Procured,80,50,30
Suica Reload,Suica,Travel,A.S 1008,2/23/2026,Procured,33,33,0
Ebisu Starbucks,Ebisu Starbucks,Food,A.S 1008,2/23/2026,Procured,,7,
Akihabara KFC,Akihabara KFC,Food,A.S 1008,2/23/2026,Procured,,15,
Reservation Fee,Tabelog Fee,Travel,A.S 1008,2/23/2026,Procured,11,11,0
Tokyo Hotel,Shibuya Stream,Travel,A.S 1008,2/21/2026,Procured,1818,1818,0
Hot C Pot,Hot C Pot,Food,A.S 1008,2/21/2026,Procured,,27,
ESim,Ubigi ESim Japan,Travel,A.S 1008,2/21/2026,Procured,39,35,4
Uber,Uber LAX,Travel,A.S 1008,2/21/2026,Procured,90,90,0
KaDon Katsu,KaDon Katsu,Food,A.S 1008,2/20/2026,Procured,,25,
Habit,Habit,Food,A.S 1008,2/20/2026,Procured,,12,
Seabirds,Seabirds,Food,A.S 1008,2/18/2026,Procured,,30,
Waterproof Shoes,Hoka Clifton 9,Apparel,A.S 1008,2/18/2026,Procured,165,165,0
No Tie Shoelaces,Xpand Laces,Apparel,A.S 1008,2/18/2026,Procured,12,10,2
Capital Noodle,Capital Noodle,Food,A.S 1008,2/17/2026,Procured,,33,
Heytea,Heytea,Food,A.S 1008,2/17/2026,Procured,,16,
Rooster and Rice,Rooster and Rice,Food,A.S 1008,2/16/2026,Procured,,16,
Texas Roadhouse,Texas Roadhouse,Food,A.S 1008,2/15/2026,Procured,,50,
Wagyu Experience,Wagyu Experience,Food,A.S 1008,2/12/2026,Procured,,25,
EPL,EPL,Food,A.S 1008,2/11/2026,Procured,,12,
Qua,Qua,Food,A.S 1008,2/11/2026,Procured,,33,
Rooster Cafe,Rooster Cafe,Food,A.S 1008,2/10/2026,Procured,,17,
Right Stalk Replacement,Right S3XY Stalk,Tesla,A.S 1008,2/9/2026,Procured,237,237,0
Okayama Kobo,Okayama Kobo,Food,A.S 1008,2/8/2026,Procured,,12,
Kobe Gyukatsu,Kobe Gyukatsu,Food,A.S 1008,2/8/2026,Procured,,65,
DoddleVee Merch,Coffee Sweater,Apparel,A.S 1008,2/8/2026,Procured,85,85,0
Anaheim Parking,Metropolis,Travel,A.S 1008,2/8/2026,Procured,10,10,0
Hot C Pot,Hot C Pot,Food,A.S 1008,2/7/2026,Procured,,40,
Yogurtland,Yogurtland,Food,A.S 1008,2/6/2026,Procured,,14,
Georgias,Georgias,Food,A.S 1008,2/6/2026,Procured,,26,
Bo No Nabe,Bo No Nabe,Food,A.S 1008,2/4/2026,Procured,,30,
Whole Foods,Whole Foods,Food,A.S 1008,2/3/2026,Procured,,41,
Curry Do,Curry Do,Food,A.S 1008,2/3/2026,Procured,,19,
Ramen Nagi,Ramen Nagi,Food,A.S 1008,2/2/2026,Procured,,25,
Saigon District,Saigon District,Food,A.S 1008,2/1/2026,Procured,,39,
DisneySea Tickets,DisneySea x2,Fun,A.S 1008,1/31/2026,Procured,115,115,0
Shabuya,Shabuya,Food,A.S 1008,1/31/2026,Procured,,70,
Vox,Vox,Food,A.S 1008,1/30/2026,Procured,,25,
Memphis Cafe,Memphis Cafe,Food,A.S 1008,1/29/2026,Procured,,24,
Memphis Cafe,Memphis Cafe,Food,A.S 1008,1/29/2026,Procured,,24,
Taco Bell,Taco Bell,Food,A.S 1008,1/29/2026,Procured,,9,
AC Tickets,Registration,Fun,A.S 1008,1/29/2026,Procured,80,80,0
POE2 Gift,Christmas POE2,Gift,A.S 1008,1/29/2026,Procured,60,60,0
POE2 Gold,Lord Ohgam Pack,Fun,A.S 1008,1/29/2026,Procured,30,30,0
Nep,Nep,Food,A.S 1008,1/28/2026,Procured,,30,
Art Commission,Ref Sheet,Fun,A.S 1008,1/27/2026,Procured,450,450,0
No1 Chinese,No1 Chinese,Food,A.S 1008,1/27/2026,Procured,,12,
Paradise Dynasty,Paradise Dynasty,Food,A.S 1008,1/26/2026,Procured,,23,
Popeyes,Popeyes,Food,A.S 1008,1/26/2026,Procured,,27,
Costco,Costco,Food,C.F 3882,1/25/2026,Procured,,263,
Galpao Gaucho,Galpao Gaucho,Food,A.S 1008,1/24/2026,Procured,,92,
Phoholic,Phoholic,Food,A.S 1008,1/23/2026,Procured,,18,
Cha Redefined,Cha Redefined,Food,A.S 1008,1/23/2026,Procured,,8,
Pho Ha Noi,Pho Ha Noi,Food,A.S 1008,1/23/2026,Procured,,18,
Thai Station,Thai Station,Food,A.S 1008,1/22/2026,Procured,,19,
Hong Kong Express,Hong Kong Express,Food,A.S 1008,1/21/2026,Procured,,16,
In N Out,In N Out,Food,A.S 1008,1/20/2026,Procured,,14,
Halal Guys,Halal Guys,Food,A.S 1008,1/19/2026,Procured,,21,
Paws Tea,Paws Tea,Food,A.S 1008,1/18/2026,Procured,,7,
Sen,Sen,Food,C.F 3882,1/18/2026,Procured,,16,
Momonoki,Momonoki,Food,A.S 1008,1/18/2026,Procured,,52,
Steam Purchase,Vtube Studio,Fun,A.S 1008,1/18/2026,Procured,15,15,0
Gen Kbbq,Gen Kbbq,Food,A.S 1008,1/17/2026,Procured,,23,
Rooster,Rooster,Food,A.S 1008,1/15/2026,Procured,,17,
Slurpin Ramen,Slurpin Ramen,Food,A.S 1008,1/14/2026,Procured,,28,
Amazon Fresh,Amazon Fresh,Food,A.S 1008,1/14/2026,Procured,,20,
Slice House,Slice House,Food,A.S 1008,1/14/2026,Procured,,9,
Cha Redefined,Cha Redefined,Food,A.S 1008,1/13/2026,Procured,,8,
Vox,Vox,Food,A.S 1008,1/12/2026,Procured,,14,
Tkebob,Tkebob,Food,A.S 1008,1/12/2026,Procured,,83,
Dakao,Dakao,Food,A.S 1008,1/11/2026,Procured,,18,
Pelicana,Pelicana,Food,A.S 1008,1/10/2026,Procured,,86,
Amarith,Amarith,Food,A.S 1008,1/9/2026,Procured,,40,
Steam Points,POE2 Gold,Fun,A.S 1008,1/9/2026,Procured,20,20,0
Hong Kong Express,Hong Kong Express,Food,A.S 1008,1/8/2026,Procured,,16,
Rooster,Rooster,Food,A.S 1008,1/7/2026,Procured,,17,
Sharetea,Sharetea,Food,A.S 1008,1/7/2026,Procured,,7,
The Taco Stand,The Taco Stand,Food,A.S 1008,1/6/2026,Procured,,19,
Kitakata,Kitakata,Food,A.S 1008,1/5/2026,Procured,,20,
Mikiya,Mikiya,Food,A.S 1008,1/4/2026,Procured,,193,
Kenwood,Kenwood,Food,A.S 1008,1/3/2026,Procured,,43,
Sprouts,Sprouts,Food,A.S 1008,1/3/2026,Procured,,10,
Vox,Vox,Food,A.S 1008,1/2/2026,Procured,,23,
Mimi Cafe,Mimi Cafe,Food,A.S 1008,12/31/2025,Procured,,60,
In N Out,In N Out,Food,A.S 1008,12/30/2025,Procured,,14,
Tokyo Central,Tokyo Central,Food,A.S 1008,12/30/2025,Procured,,27,
Laser Measuring Tool,HOTO Laser,Home,A.S 1008,12/30/2025,Procured,50,30,20
Tesla Side Liners,Basenor Liners,Tesla,A.S 1008,12/30/2025,Procured,26,19,7
Tool Kit,HOTO 40 Piece Kit,Home,A.S 1008,12/30/2025,Procured,80,60,20
No1 Chinese,No1 Chinese,Food,A.S 1008,12/29/2025,Procured,,12,
Costco,Costco,Food,C.F 3882,12/28/2025,Procured,,72,
Apple Strudel,Apple Strudel,Food,A.S 1008,12/27/2025,Procured,,16,
Gyukaku,Gyukaku,Food,A.S 1008,12/26/2025,Procured,,59,
Kei Coffee House,Kei Coffee House,Food,A.S 1008,12/25/2025,Procured,,18,
Vox,Vox,Food,A.S 1008,12/23/2025,Procured,,37,
Steam Game,Nine Sols,Fun,A.S 1008,12/23/2025,Procured,30,18,12
Spicy Noodle House,Spicy Noodle House,Food,A.S 1008,12/22/2025,Procured,,17,
Holiday Tip,Macy Tip,Gift,A.S 1008,12/21/2025,Procured,40,40,0
Satoshi,Satoshi,Food,A.S 1008,12/21/2025,Procured,,37,
In N Out,In N Out,Food,A.S 1008,12/20/2025,Procured,,10,
Raising Canes,Raising Canes,Food,A.S 1008,12/20/2025,Procured,,14,
Butchers House,Butchers House,Food,A.S 1008,12/19/2025,Procured,,87,
Wagyu Factory,Wagyu Factory,Food,A.S 1008,12/17/2025,Procured,,109,
No1 Chinese,No1 Chinese,Food,A.S 1008,12/16/2025,Procured,,12,
Indoor Camera,Aqara Hub G3,Tech,A.S 1008,12/16/2025,Procured,110,85,25
White Elephant,Anker Soundcore Earbuds,Gift,A.S 1008,12/16/2025,Procured,50,25,25
Ralphs,Ralphs,Food,A.S 1008,12/16/2025,Procured,,16,
Steam Game,Undertale,Fun,A.S 1008,12/15/2025,Procured,10,2,8
Vox,Vox,Food,A.S 1008,12/15/2025,Procured,,23,
Urban Plate,Urban Plate,Food,A.S 1008,12/15/2025,Procured,,42,
Art Commission,Holiday Tease,Fun,A.S 1008,12/14/2025,Procured,210,210,0
Thai Station,Thai Station,Food,A.S 1008,12/14/2025,Procured,,32,
Fast Hotpot,Fast Hotpot,Food,A.S 1008,12/13/2025,Procured,,20,
3Cat,3Cat,Food,A.S 1008,12/13/2025,Procured,,7,
BYLT,Outerwear Underwear,Apparel,A.S 1008,12/13/2025,Procured,645,187,458
EPL,EPL,Food,A.S 1008,12/12/2025,Procured,,8,
Simply Pho,Simply Pho,Food,A.S 1008,12/12/2025,Procured,,19,
Que Vida Tacos,Que Vida Tacos,Food,A.S 1008,12/11/2025,Procured,,50,
Smart Glasses,Even Realities G2,Health,A.S 1008,12/11/2025,Procured,1106,932,174
No1 Chinese,No1 Chinese,Food,A.S 1008,12/10/2025,Procured,,12,
In N Out,In N Out,Food,A.S 1008,12/10/2025,Procured,,14,
Vox,Vox,Food,A.S 1008,12/8/2025,Procured,,25,
Habit,Habit,Food,A.S 1008,12/7/2025,Procured,,12,
AMC Tickets,Wicked 2,Fun,A.S 1008,12/6/2025,Procured,77,77,0
Eye Exam,West Eyecare,Health,A.S 1008,12/5/2025,Procured,10,10,0
Com Tam Xi Gon,Com Tam Xi Gon,Food,C.F 3882,12/5/2025,Procured,,26,
EPL,EPL,Food,A.S 1008,12/4/2025,Procured,,9,
Kin,Kin,Food,A.S 1008,12/4/2025,Procured,,25,
Christmas Gifts,Cards + Warmers,Gift,A.S 1008,12/3/2025,Procured,69,51,18
Thai Station,Thai Station,Food,A.S 1008,12/3/2025,Procured,,16,
Rooster Cafe,Rooster Cafe,Food,A.S 1008,12/3/2025,Procured,,17,
Ryokan,Ubuya,Travel,A.S 1008,12/2/2025,Procured,706,706,0
10 Days of Discord,Discord Flair,Fun,A.S 1008,12/2/2025,Procured,16,12,4
Capital,Capital,Food,A.S 1008,12/1/2025,Procured,,27,
Antisweat Pads,Wicked Cushions APM,Tech,A.S 1008,12/1/2025,Procured,18,18,0
USBC Headphones,Airpods Max USBC,Tech,A.S 1008,12/1/2025,Procured,550,336,214
In N Out,In N Out,Food,A.S 1008,11/30/2025,Procured,,5,
Popcorn Bucket,Zootopia Gary,Fun,A.S 1008,11/30/2025,Procured,35,35,0
Pillowcase + Blanket,Coop Pillowcase/Blanket,Health,A.S 1008,11/30/2025,Procured,197,72,125
Laundry Hamper,Storageworks 110L,Home,A.S 1008,11/29/2025,Procured,43,34,9
Kei Coffee House,Kei Coffee House,Food,A.S 1008,11/29/2025,Procured,,20,
Smart Water Bottle,Larq Purevis 2,Health,A.S 1008,11/28/2025,Procured,139,102,37
Travel Wallet,Ark Bifold Wallet,Travel,A.S 1008,11/28/2025,Procured,40,19,21
Tastea,Tastea,Food,A.S 1008,11/28/2025,Procured,,16,
Bonchon,Bonchon,Food,A.S 1008,11/26/2025,Procured,,50,
Regal Ticket,Zootopia,Fun,A.S 1008,11/26/2025,Procured,70,70,0
Ralph’s,Ralph’s,Food,A.S 1008,11/25/2025,Procured,,29,
Kaiten Sushi,Kaiten Sushi,Food,A.S 1008,11/25/2025,Procured,,7,
Travel Backpack,AER Travel Pack 3 XPac,Travel,A.S 1008,11/24/2025,Procured,259,207,52
Thai Station,Thai Station,Food,A.S 1008,11/24/2025,Procured,,18,
Interior Cleaner,Chemical Guys Cleaner,Tesla,A.S 1008,11/24/2025,Procured,24,13,11
Hot C Pot,Hot C Pot,Food,A.S 1008,11/23/2025,Procured,,36,
District 36,District 36,Food,A.S 1008,11/22/2025,Procured,,16,
iPhone 17 Pro,Apple iPhone 17 Pro 256GB,Tech,A.S 1008,11/22/2025,Procured,1100,870,230
Costco,Costco,Food,A.S 1008,11/21/2025,Procured,,65,
iPhone Privacy Screen,WSKEN Screen Protector,Tech,A.S 1008,11/20/2025,Procured,36,21,15
A50 Ear Cushion,Wicked Freeze A50 Gel,Tech,A.S 1008,11/20/2025,Procured,31,31,0
iPhone 17 Pro Case,Caudabe Synthesis,Tech,A.S 1008,11/20/2025,Procured,58,49,9
Logitech Astro Headphones,A Astro A50 5th Gen,Tech,A.S 1008,11/20/2025,Procured,300,240,60
Garage Camera,MyQ Smart Camera,Home,A.S 1008,11/20/2025,Procured,50,22,28
California Fish Grill,California Fish Grill,Food,A.S 1008,11/20/2025,Procured,,15,
Amazon Fresh,Toothpaste,Health,A.S 1008,11/20/2025,Procured,28,28,0
No 1 Chinese,No 1 Chinese,Food,A.S 1008,11/19/2025,Procured,,12,
Cava,Cava,Food,A.S 1008,11/18/2025,Procured,,13,
Japan Flight,JAL LAX>HND,Travel,A.S 1008,11/18/2025,Procured,790,790,0
Coop Bedding,Blanket + Pillowcase,Health,A.S 1008,11/17/2025,Procured,300,151,149
Rooster Cafe,Rooster Cafe,Food,A.S 1008,11/17/2025,Procured,,16,
Lion and Lamb,Lion and Lamb,Food,A.S 1008,11/16/2025,Procured,,8,
Bunkie Board,Meliusly Queen Board,Health,A.S 1008,11/16/2025,Procured,163,130,33
Mi Casa,Mi Casa,Food,A.S 1008,11/16/2025,Procured,,96,
Ribs and Co,Ribs and Co,Food,A.S 1008,11/16/2025,Procured,,200,
Bullgolgi,Bullgolgi,Food,A.S 1008,11/14/2025,Procured,,50,
Vox,Vox,Food,A.S 1008,11/13/2025,Procured,,28,
The Cut,The Cut,Food,A.S 1008,11/13/2025,Procured,,13,
WinkBed,Queen Luxury Firm,Health,A.S 1008,11/12/2025,Procured,3025,1900,1125
Cooling Pillow,Coop Queen Eden,Health,A.S 1008,11/12/2025,Procured,105,79,26
Cooling Pillow Gift,Coop Queen Eden,Gift,A.S 1008,11/12/2025,Procured,105,79,26
CHA,CHA,Food,A.S 1008,11/12/2025,Procured,,8,
Pizza Doro,Pizza Doro,Food,A.S 1008,11/11/2025,Procured,,17,
East Borough,East Borough,Food,A.S 1008,11/10/2025,Procured,,17,
Avenue Shabu,Avenue Shabu,Food,A.S 1008,11/9/2025,Procured,,38,
EPL,EPL,Food,A.S 1008,11/7/2025,Procured,,12,
Hoyoverse,Oneric Shards,Fun,A.S 1008,11/7/2025,Procured,50,50,0
Tokyo Central,Tokyo Central,Food,A.S 1008,11/7/2025,Procured,,19,
Target,Skin Tag + Loofa,Health,A.S 1008,11/6/2025,Procured,31,31,0
In N Out,In N Out,Food,A.S 1008,11/6/2025,Procured,,16,
Capital,Capital,Food,A.S 1008,11/6/2025,Procured,,21,
Steam Game,Peak,Fun,A.S 1008,11/5/2025,Procured,8,5,3
Vox,Vox,Food,A.S 1008,11/5/2025,Procured,,14,
Com Tam Bui,Com Tam Bui,Food,A.S 1008,11/4/2025,Procured,,16,
McDonalds,McDonalds,Food,A.S 1008,11/4/2025,Procured,,10,
Amazon Fresh,Amazon Fresh,Food,A.S 1008,11/4/2025,Procured,,13,
Dakao,Dakao,Food,A.S 1008,11/3/2025,Procured,,17,
Paws Tea,Paws Tea,Food,A.S 1008,11/3/2025,Procured,,7,
Mama Egg House,Mama Egg House,Food,A.S 1008,11/2/2025,Procured,,47,
In N Out,In N Out,Food,A.S 1008,11/2/2025,Procured,,9,
Fairway Foods,Fairway Foods,Food,A.S 1008,11/1/2025,Procured,,48,
Kitakata,Kitakata,Food,A.S 1008,10/30/2025,Procured,,20,
Ikea,Ikea,Food,A.S 1008,10/30/2025,Procured,,15,
Simply Pho,Simply Pho,Food,A.S 1008,10/29/2025,Procured,,19,
Purple Pillow,Dreamlayer Pillow,Health,A.S 1008,10/28/2025,Procured,225,190,35
Camping Trip,Idyllwild Camping,Travel,A.S 1008,10/28/2025,Procured,120,120,0
Brazuca,Brazuca,Food,A.S 1008,10/27/2025,Procured,,26,
Ikea,Ikea,Food,A.S 1008,10/27/2025,Procured,,5,
Steam Games,Wallpaper + RV,Fun,A.S 1008,10/26/2025,Procured,12,12,0
District36,District36,Food,A.S 1008,10/26/2025,Procured,,21,
Ramen Nagi,Ramen Nagi,Food,A.S 1008,10/22/2025,Procured,,27,
Ikea,Ikea,Food,A.S 1008,10/22/2025,Procured,,8,
Halal Guys,Halal Guys,Food,A.S 1008,10/21/2025,Procured,,17,
Kei Coffee,Kei Coffee,Food,A.S 1008,10/18/2025,Procured,,7,
Anime Westminster,Pikalin Studios,Fun,A.S 1008,10/18/2025,Procured,92,92,0
Amarith,Amarith,Food,A.S 1008,10/18/2025,Procured,,47,
EPL,EPL,Food,A.S 1008,10/17/2025,Procured,,10,
,Null Number,Gift,A.S 1008,10/16/2025,Procured,,0,
Capital Noodle,Capital Noodle,Food,A.S 1008,10/16/2025,Procured,,19,
Ikea,Ikea,Food,A.S 1008,10/16/2025,Procured,,6,
Black Angus,Black Angus,Food,A.S 1008,10/15/2025,Procured,,39,
No1 Chinese,No1 Chinese,Food,A.S 1008,10/14/2025,Procured,,12,
Com Tam TQQ,Com Tam TQQ,Food,A.S 1008,10/14/2025,Procured,,16,
In n Out,In n Out,Food,A.S 1008,10/13/2025,Procured,,11,
JC Penny Bedding,"Sheet Set, Towels, Pillowcase",Home,A.S 1008,10/13/2025,Procured,192,79,113
Vox,Vox,Food,A.S 1008,10/13/2025,Procured,,39,
JC Penny Bedding,Pillows + Pillowcase,Health,A.S 1008,10/12/2025,Procured,234,67,167
Wendys,Wendys,Food,A.S 1008,10/12/2025,Procured,,9,
Bep Viet,Bep Viet,Food,A.S 1008,10/12/2025,Procured,,38,
Thai By Fire,Thai By Fire,Food,A.S 1008,10/10/2025,Procured,,22,
Rooster Cafe,Rooster Cafe,Food,A.S 1008,10/9/2025,Procured,,15,
Shin Sen Gumi,Shin Sen Gumi,Food,A.S 1008,10/9/2025,Procured,,39,
Paradise Dynasty,Paradise Dynasty,Food,A.S 1008,10/8/2025,Procured,,23,
Shake Shack,Shake Shack,Food,A.S 1008,10/7/2025,Procured,,15,
Capital,Capital,Food,A.S 1008,10/7/2025,Procured,,21,
Hot C Pot,Hot C Pot,Food,A.S 1008,10/6/2025,Procured,,114,
No1 Chinese,No1 Chinese,Food,A.S 1008,10/6/2025,Procured,,12,
Be You,Be You,Food,A.S 1008,10/4/2025,Procured,,31,
Art Commission,Sauna,Fun,A.S 1008,10/4/2025,Procured,90,90,0
3Cat,3Cat,Food,A.S 1008,10/3/2025,Procured,,7,
Escape Room,Goblin Secrets,Fun,A.S 1008,10/3/2025,Procured,120,120,0
Kura,Kura,Food,A.S 1008,10/3/2025,Procured,,75,
Rooster and Rice,Rooster and Rice,Food,A.S 1008,10/2/2025,Procured,,65,
Vehicle Registration,TESLA Registration,Tesla,A.S 1008,10/1/2025,Procured,711,711,0
Tenaktori,Tenaktori,Food,A.S 1008,10/1/2025,Procured,,19,
Slurpin Ramen,Slurpin Ramen,Food,A.S 1008,9/30/2025,Procured,,22,
Slice House,Slice House,Food,A.S 1008,9/30/2025,Procured,,14,
Rooster Cafe,Rooster Cafe,Food,A.S 1008,9/29/2025,Procured,,4,
Hot C,Hot C,Food,A.S 1008,9/28/2025,Procured,,35,
In N Out,In N Out,Food,A.S 1008,9/28/2025,Procured,,7,
Pho Nic,Pho Nic,Food,A.S 1008,9/27/2025,Procured,,35,
Steam Game,Shape of Dreams,Fun,A.S 1008,9/27/2025,Procured,25,12,13
Vox,Vox,Food,A.S 1008,9/26/2025,Procured,,14,
Vox,Vox,Food,A.S 1008,9/25/2025,Procured,,24,
Cava,Cava,Food,A.S 1008,9/23/2025,Procured,,13,
No1 Chinese,No1 Chinese,Food,A.S 1008,9/23/2025,Procured,,12,
Cava,Cava,Food,A.S 1008,9/23/2025,Procured,,13,
Vox,Vox,Food,A.S 1008,9/22/2025,Procured,,13,
Dakao,Dakao,Food,A.S 1008,9/22/2025,Procured,,18,
In N Out,In N Out,Food,A.S 1008,9/21/2025,Procured,,19,
AFC Costs,Merch + Additional,Fun,A.S 1008,9/21/2025,Procured,150,150,0
Whole Foods,Whole Foods,Food,A.S 1008,9/21/2025,Procured,,7,
Kappo Honda,Kappo Honda,Food,A.S 1008,9/21/2025,Procured,,25,
Kin,Kin,Food,A.S 1008,9/19/2025,Procured,,48,
Apple Watch,Ultra 3,Tech,A.S 1008,9/19/2025,Procured,800,625,175
EPL,EPL,Food,A.S 1008,9/19/2025,Procured,,16,
AFC Tickets,AFC Convention,Fun,A.S 1008,9/19/2025,Procured,50,50,0
Rooster Rice,Rooster Rice,Food,A.S 1008,9/18/2025,Procured,,22,
Paradise,Paradise,Food,A.S 1008,9/17/2025,Procured,,21,
Jack In The Box,Jack In The Box,Food,A.S 1008,9/16/2025,Procured,,11,
Paradise Dynasty,Paradise Dynasty,Food,A.S 1008,9/16/2025,Procured,,20,
Rooster Cafe,Rooster Cafe,Food,A.S 1008,9/15/2025,Procured,,16,
Baby Shower,Box + Card,Gift,A.S 1008,9/15/2025,Procured,18,18,0
Demon Slayer Movie,Infinity Castle,Fun,A.S 1008,9/13/2025,Procured,20,20,0
Sunright,Sunright,Food,A.S 1008,9/13/2025,Procured,,7,
Tokyo Central,Tokyo Central,Food,A.S 1008,9/13/2025,Procured,,30,
McDonalds,McDonalds,Food,A.S 1008,9/12/2025,Procured,,12,
No1 Chinese,No1 Chinese,Food,A.S 1008,9/11/2025,Procured,,12,
Thirsty Cow,Thirsty Cow,Food,A.S 1008,9/10/2025,Procured,,106,
Quan Mii,Quan Mii,Food,A.S 1008,9/9/2025,Procured,,21,
EPL,EPL,Food,A.S 1008,9/9/2025,Procured,,12,
FedEx Shipping,S3XY Stalk Repair,Tesla,A.S 1008,9/9/2025,Procured,29,29,0
Shabuya,Shabuya,Food,A.S 1008,9/7/2025,Procured,,70,
Kitakata,Kitakata,Food,A.S 1008,9/5/2025,Procured,,23,
Water Hose Nozzle,Flexzilla Hose Nozzle,Home,A.S 1008,9/5/2025,Procured,10,7,3
Collapsible Chair,Quiget Chair,Home,A.S 1008,9/5/2025,Procured,35,23,12
Pressure Washer Hose,Flexzilla Hose 50',Home,A.S 1008,9/5/2025,Procured,70,49,21
Sabrosada,Sabrosada,Food,A.S 1008,9/5/2025,Procured,,16,
Baby Books,Quantum Science Set,Gift,A.S 1008,9/4/2025,Procured,40,25,15
Diapers,Mama Bear Diapers,Gift,A.S 1008,9/4/2025,Procured,13,10,3
Dirt Disposal Bag,Roomba Bag,Home,A.S 1008,9/4/2025,Procured,17,13,4
Pressure Washer Nozzle,Ridge Washer 3.0,Home,A.S 1008,9/4/2025,Procured,25,21,4
Brazuca,Brazuca,Food,A.S 1008,9/4/2025,Procured,,25,
Simply Pho,Simply Pho,Food,A.S 1008,9/3/2025,Procured,,18,
Gyutan,Gyutan,Food,A.S 1008,9/3/2025,Procured,,35,
In N Out,In N Out,Food,A.S 1008,9/2/2025,Procured,,12,
Detailing Swivel Gun,McKillans Swivel Gun Pro,Home,A.S 1008,9/1/2025,Procured,90,80,10
Dakao,Dakao,Food,A.S 1008,9/1/2025,Procured,,18,
Pressure Washer,Ryobi 1800 1.2,Home,A.S 1008,9/1/2025,Procured,100,90,10
Hanoi Old Quarter,Hanoi Old Quarter,Food,A.S 1008,8/31/2025,Procured,,18,
Avilas Ranchito,Avilas Ranchito,Food,A.S 1008,8/31/2025,Procured,,52,
Bangkok Broth,Bangkok Broth,Food,A.S 1008,8/30/2025,Procured,,27,
Antifungal Cream,Lotrimin AF,Health,A.S 1008,8/29/2025,Procured,16,16,0
Vox,Vox,Food,A.S 1008,8/28/2025,Procured,,27,
Dave’s Hot,Dave’s Hot,Food,C.F 3882,8/28/2025,Procured,,13,
Sabrosada,Sabrosada,Food,A.S 1008,8/28/2025,Procured,,7,
Alley,Alley,Food,A.S 1008,8/27/2025,Procured,,8,
Oniku,Oniku,Food,A.S 1008,8/27/2025,Procured,,89,
91 Express Sticker,Exterior Transponder,Tesla,A.S 1008,8/27/2025,Procured,5,5,0
Ramen Nagi,Ramen Nagi,Food,A.S 1008,8/26/2025,Procured,,21,
,TESLA Registration,Tesla,A.S 1008,8/26/2025,Procured,,0,
USB Extenders,Insignia USB Extender,Gift,A.S 1008,8/26/2025,Procured,22,22,0
Vox,Vox,Food,A.S 1008,8/25/2025,Procured,,23,
Brodard,Brodard,Food,A.S 1008,8/24/2025,Procured,,24,
Olive Garden,Olive Garden,Food,A.S 1008,8/24/2025,Procured,,28,
Express Lanes,Sticker Transponder,Tesla,,8/22/2025,Procured,55,55,0
Chipotle,Chipotle,Food,A.S 1008,8/22/2025,Procured,,6,
Capital Noodle,Capital Noodle,Food,A.S 1008,8/22/2025,Procured,,21,
Chobop,Chobop,Food,A.S 1008,8/21/2025,Procured,,20,
Yoo Place,Yoo Place,Food,A.S 1008,8/20/2025,Procured,,26,
Starbucks,Starbucks,Food,A.S 1008,8/20/2025,Procured,,11,
Vox,Vox,Food,A.S 1008,8/19/2025,Procured,,51,
No 1 Chinese,No 1 Chinese,Food,A.S 1008,8/18/2025,Procured,,12,
Hot C Pot,Hot C Pot,Food,A.S 1008,8/18/2025,Procured,,38,
Animation Commission,Shakin Booty,Gift,A.S 1008,8/18/2025,Procured,40,40,0
Tacos Los Cholos,Tacos Los Cholos,Food,A.S 1008,8/17/2025,Procured,,48,
Great Maple,Great Maple,Food,A.S 1008,8/16/2025,Procured,,55,
Ramen Taiko,Ramen Taiko,Food,A.S 1008,8/16/2025,Procured,,47,
Walking Cane,Asterom DireWolf Cane,Health,A.S 1008,8/14/2025,Procured,99,99,0
Chobop,Chobop,Food,A.S 1008,8/14/2025,Procured,,50,
Amarith,Amarith,Food,A.S 1008,8/13/2025,Procured,,36,
EPL,EPL,Food,A.S 1008,8/13/2025,Procured,,13,
Layered Organizer,Iris Organizer,Home,A.S 1008,8/12/2025,Procured,25,18,7
Dakao,Dakao,Food,A.S 1008,8/12/2025,Procured,,18,
Oki Niku Wagyu,Oki Niku Wagyu,Food,A.S 1008,8/11/2025,Procured,,45,
Happy Lamb,Happy Lamb,Food,A.S 1008,8/10/2025,Procured,,78,
In N Out,In N Out,Food,A.S 1008,8/9/2025,Procured,,11,
Regal Movie,Bad Guys 2,Fun,A.S 1008,8/9/2025,Procured,45,45,0
Vox,Vox,Food,A.S 1008,8/8/2025,Procured,,36,
Wanderlust,Wanderlust,Food,A.S 1008,8/8/2025,Procured,,8,
McDonalds,McDonalds,Food,A.S 1008,8/7/2025,Procured,,16,
Hue Oi,Hue Oi,Food,A.S 1008,8/6/2025,Procured,,22,
Amarith,Amarith,Food,A.S 1008,8/5/2025,Procured,,33,
Filling Station,Filling Station,Food,A.S 1008,8/5/2025,Procured,,45,
Hue Oi,Hue Oi,Food,A.S 1008,8/4/2025,Procured,,28,
Simmzy,Simmzy,Food,A.S 1008,8/3/2025,Procured,,50,
Thai By SOF,Thai By SOF,Food,A.S 1008,8/2/2025,Procured,,28,
Taco Bell,Taco Bell,Food,A.S 1008,8/1/2025,Procured,,27,
ShinSenGumi,ShinSenGumi,Food,A.S 1008,7/31/2025,Procured,,28,
Vox,Vox,Food,A.S 1008,7/30/2025,Procured,,37,
HeyBings,HeyBings,Food,A.S 1008,7/30/2025,Procured,,20,
California Fish Grill,California Fish Grill,Food,A.S 1008,7/29/2025,Procured,,22,
Kaiser ER,Additional ER Costs,Health,A.S 1008,7/27/2025,Procured,1685,1685,0
Bullgolgi,Bullgolgi,Food,A.S 1008,7/26/2025,Procured,,25,
Panda Express,Panda Express,Food,A.S 1008,7/25/2025,Procured,,16,
Kappo Honda,Kappo Honda,Food,A.S 1008,7/25/2025,Procured,,200,
Our Nest,Our Nest,Food,A.S 1008,7/24/2025,Procured,,48,
Riot Points,Spirit Blossom Pass,Fun,,7/24/2025,Procured,22,22,0
Habit,Habit,Food,A.S 1008,7/23/2025,Procured,,25,
Vox,Vox,Food,A.S 1008,7/21/2025,Procured,,20,
Gogi KBBQ,Gogi KBBQ,Food,A.S 1008,7/20/2025,Procured,,70,
Portillos,Portillos,Food,A.S 1008,7/20/2025,Procured,,13,
Thai Boy,Thai Boy,Food,A.S 1008,7/19/2025,Procured,,30,
Bug Catcher,Katchy Catcher,Tech,A.S 1008,7/17/2025,Procured,44,40,4
Dominoes,Dominoes,Food,A.S 1008,7/16/2025,Procured,,30,
Panda Expess,Panda Expess,Food,A.S 1008,7/15/2025,Procured,,18,
76 Gas,Gas,Gift,A.S 1008,7/14/2025,Procured,70,70,0
BoPoMoFo,BoPoMoFo,Food,A.S 1008,7/14/2025,Procured,,35,
Panda Express,Panda Express,Food,A.S 1008,7/12/2025,Procured,,16,
Tactical Flashlight,Nitecore EDC29,Tech,A.S 1008,7/11/2025,Procured,110,88,22
Power Bank Holder,SmallRig Holder,Tech,A.S 1008,7/11/2025,Procured,23,18,5
Hot Shoe Adapter,Atmoshue Adapter,Tech,A.S 1008,7/11/2025,Procured,12,12,0
MagSafe Wallet,ESR Upgraded,Tech,A.S 1008,7/11/2025,Procured,27,22,5
Wallet Tracker Card,RhinoKey Card,Tech,A.S 1008,7/11/2025,Procured,40,30,10
Portable Charger,INIU Pocket Size,Tech,A.S 1008,7/11/2025,Procured,39,28,11
SPF 50 Sunscreen,Supergoop Unseen,Health,A.S 1008,7/11/2025,Procured,48,38,10
Amazon Fresh,Amazon Fresh,Food,A.S 1008,7/10/2025,Procured,,1,
DMV Placard,Disabled Person Parking,Life,A.S 1008,7/8/2025,Procured,6,6,0
Cloth Tape,Nexcare Cloth Tape,Health,A.S 1008,7/8/2025,Procured,18,6,12
Dentist,Haagen and Pham,Health,A.S 1008,7/7/2025,Procured,431,431,0
Artisan,Artisan,Food,A.S 1008,7/7/2025,Procured,,36,
Afters,Afters,Food,A.S 1008,7/7/2025,Procured,,9,
Paradise Dynasty,Paradise Dynasty,Food,A.S 1008,7/6/2025,Procured,,38,
Cha Redefined,Cha Redefined,Food,A.S 1008,7/6/2025,Procured,,7,
Istanbul Grill,Istanbul Grill,Food,A.S 1008,7/6/2025,Procured,,29,
Uniqlo,Airisms,Apparel,A.S 1008,7/6/2025,Procured,107,107,0
Hot C Pot,Hot C Pot,Food,A.S 1008,7/4/2025,Procured,,76,
Wendy’s,Wendy’s,Food,A.S 1008,7/3/2025,Procured,,34,
Animation Commission,Shakin Booty,Fun,A.S 1008,7/3/2025,Procured,40,40,0
Shinsengumi,Shinsengumi,Food,A.S 1008,7/3/2025,Procured,,22,
Live 2D Model,Sillies Sitting,Fun,A.S 1008,7/3/2025,Procured,55,55,0
Nep,Nep,Food,A.S 1008,7/1/2025,Procured,,45,
Kei KH,Kei KH,Food,A.S 1008,6/30/2025,Procured,,23,
KP,Surgery Costs,Health,A.S 1008,6/29/2025,Procured,3100,3100,0
,Pannier Refund,Health,A.S 1008,6/28/2025,Procured,,50,
CFG + SR,CFG + SR,Food,A.S 1008,6/26/2025,Procured,,43,
Keyboard Remover,Keyboard Remove Kit,Tech,A.S 1008,6/25/2025,Procured,10,10,0
Kaiser Permanente,CoPay,Health,A.S 1008,6/25/2025,Procured,80,80,0
Burker King Sushi,Burker King Sushi,Food,A.S 1008,6/25/2025,Procured,,70,
Steam Game,Rotwood,Fun,A.S 1008,6/21/2025,Procured,20,16,4
Uber,Dean Uber,Travel,A.S 1008,6/20/2025,Procured,31,31,0
Amazon Fresh,Amazon Fresh,Food,A.S 1008,6/20/2025,Procured,,42,
ER Visit,Kaiser ER,Health,A.S 1008,6/20/2025,Procured,500,500,0
PC Controller,Mandba One,Fun,A.S 1008,6/20/2025,Procured,70,70,0
Vox,Vox,Food,A.S 1008,6/19/2025,Procured,,22,
Amazon Fresh,Amazon Fresh,Food,A.S 1008,6/18/2025,Procured,,10,
Vox,Vox,Food,A.S 1008,6/18/2025,Procured,,25,
No1 Chinese,No1 Chinese,Food,A.S 1008,6/16/2025,Procured,,11,
Mendocino Farms,Mendocino Farms,Food,A.S 1008,6/16/2025,Procured,,9,
Camera Cage,SmallRig DJI Cage,Tech,A.S 1008,6/15/2025,Procured,40,40,0
Civivi Vision Knife,Civivi Vision FG,Home,A.S 1008,6/15/2025,Procured,92,70,22
Le Dip,Le Dip,Food,C.F 3882,6/15/2025,Procured,,12,
Athletic Watch Band,Spigen Athlex Air,Tech,A.S 1008,6/15/2025,Procured,25,25,0
Pannier Bag,Rhinowalk Pannier,Travel,A.S 1008,6/15/2025,Procured,50,50,0
Rei CoOp,Mount Repair Kit Lube,Health,A.S 1008,6/14/2025,Procured,65,65,0
Bike Repairs,ATB Bike,Health,A.S 1008,6/14/2025,Procured,60,60,0
Bike Power Bank,Spolite 9000mAh Battery,Tech,A.S 1008,6/14/2025,Procured,56,56,0
Birria Truck,Birria Truck,Food,A.S 1008,6/14/2025,Procured,,11,
Foam Cannon,Raincovo Cannon,Tesla,A.S 1008,6/13/2025,Procured,33,33,0
Rooster and Rice,Rooster and Rice,Food,A.S 1008,6/13/2025,Procured,,16,
Quick Connect Set,Pressure Washer QC,Tesla,A.S 1008,6/13/2025,Procured,30,25,5
Paradise Dynasty,Paradise Dynasty,Food,A.S 1008,6/12/2025,Procured,,14,
BCD,BCD,Food,A.S 1008,6/11/2025,Procured,,28,
Rooster Cafe,Rooster Cafe,Food,A.S 1008,6/11/2025,Procured,,22,
Vox,Vox,Food,A.S 1008,6/10/2025,Procured,,22,
Ramen Nagi,Ramen Nagi,Food,A.S 1008,6/9/2025,Procured,,27,
Nep,Nep,Food,A.S 1008,6/7/2025,Procured,,136,
Jolibee,Jolibee,Food,A.S 1008,6/7/2025,Procured,,16,
Ikkousha,Ikkousha,Food,A.S 1008,6/6/2025,Procured,,18,
Costco,Costco,Food,C.F 3882,6/6/2025,Procured,,111,
Halal Guys,Halal Guys,Food,A.S 1008,6/5/2025,Procured,,18,
7 Leaves,7 Leaves,Food,A.S 1008,6/5/2025,Procured,,6,
Capital,Capital,Food,A.S 1008,6/4/2025,Procured,,19,
HSR,Hoyo,Fun,A.S 1008,6/3/2025,Procured,100,100,0
Le Shrimp,Le Shrimp,Food,A.S 1008,6/3/2025,Procured,,16,
Ralphs,Ralphs,Food,A.S 1008,6/2/2025,Procured,,13,
Movie,HHTYD,Fun,A.S 1008,6/2/2025,Procured,51,51,0
Tessie,Lifetime Buy,Tesla,C.F 3882,6/2/2025,Procured,200,150,50
Rooster,Rooster,Food,A.S 1008,6/2/2025,Procured,,12,
Shinsengumi,Shinsengumi,Food,A.S 1008,6/2/2025,Procured,,29,
Com Tam Thanh,Com Tam Thanh,Food,A.S 1008,6/1/2025,Procured,,20,
Gogi Kbbq,Gogi Kbbq,Food,A.S 1008,5/31/2025,Procured,,103,
Rechargeable Batt Charger,imuto Charging Box,Home,A.S 1008,5/31/2025,Procured,26,26,0
Thread Router,Apple Homepod Mini,Tech,A.S 1008,5/31/2025,Procured,99,73,26
Rechargable Batt,imuto 8x AA,Home,A.S 1008,5/31/2025,Procured,24,17,7
Smart Lock,Aqara U300,Tech,A.S 1008,5/30/2025,Procured,230,180,50
No1 Chinese,No1 Chinese,Food,A.S 1008,5/29/2025,Procured,,11,
Ralphs,Ralphs,Food,A.S 1008,5/29/2025,Procured,,9,
Quan Mii,Quan Mii,Food,A.S 1008,5/28/2025,Procured,,21,
EPL,EPL,Food,A.S 1008,5/28/2025,Procured,,11,
Warframe,Platinum,Fun,A.S 1008,5/28/2025,Procured,50,15,35
Miyabi,Miyabi,Food,A.S 1008,5/27/2025,Procured,,10,
Steam,Warframe Cape,Fun,A.S 1008,5/26/2025,Procured,6,6,0
Shabuya,Shabuya,Food,A.S 1008,5/26/2025,Procured,,36,
Amazon Fresh,Amazon Fresh,Food,A.S 1008,5/24/2025,Procured,,16,
Afters,Afters,Food,A.S 1008,5/23/2025,Procured,,18,
Ralphs,Ralphs,Food,A.S 1008,5/23/2025,Procured,,37,
Amazon Fresh,Amazon Fresh,Food,A.S 1008,5/23/2025,Procured,,5,
Slice Haus,Slice Haus,Food,A.S 1008,5/21/2025,Procured,,16,
Shinsengumi,Shinsengumi,Food,A.S 1008,5/20/2025,Procured,,22,
EPL,EPL,Food,A.S 1008,5/20/2025,Procured,,16,
California Fish Grill,California Fish Grill,Food,A.S 1008,5/19/2025,Procured,,21,
Astoria,Hotel/Parking/Food,Travel,A.S 1008,5/18/2025,Procured,1245,175,1070
Da Vien,Da Vien,Food,A.S 1008,5/18/2025,Procured,,7,
Kei,Kei,Food,A.S 1008,5/18/2025,Procured,,7,
Com Tam Dao Vien,Com Tam Dao Vien,Food,A.S 1008,5/18/2025,Procured,,26,
Amazon Fresh,Amazon Fresh,Food,A.S 1008,5/17/2025,Procured,,2,
Costco,Costco,Food,A.S 1008,5/17/2025,Procured,,13,
Pokemon Card,Scizor,Fun,A.S 1008,5/16/2025,Procured,10,10,0
Amazon Fresh,Amazon Fresh,Food,A.S 1008,5/16/2025,Procured,,12,
No1 Chinese,No1 Chinese,Food,A.S 1008,5/15/2025,Procured,,12,
Amazon Fresh,Amazon Fresh,Food,A.S 1008,5/14/2025,Procured,,25,
Capital,Capital,Food,A.S 1008,5/14/2025,Procured,,21,
Pokemon Cards,Leafeon Pikachu Garchomp,Fun,A.S 1008,5/14/2025,Procured,95,85,10
Afters,Afters,Food,A.S 1008,5/14/2025,Procured,,7,
EPL,EPL,Food,A.S 1008,5/13/2025,Procured,,12,
TukTuk,TukTuk,Food,A.S 1008,5/12/2025,Procured,,17,
Amazon Apples,Amazon Apples,Food,A.S 1008,5/12/2025,Procured,,5,
Wang Cho,Wang Cho,Food,A.S 1008,5/10/2025,Procured,,39,
Parking Structure,Gardenwalk Parking,Fun,A.S 1008,5/10/2025,Procured,4,4,0
Wahoos,Wahoos,Food,A.S 1008,5/10/2025,Procured,,15,
Jamba Juice,Jamba Juice,Food,A.S 1008,5/10/2025,Procured,,12,
Paradise Dynasty,Paradise Dynasty,Food,A.S 1008,5/9/2025,Procured,,24,
Red Flame,Red Flame,Food,C.F 3882,5/8/2025,Procured,,27,
CHA,CHA,Food,A.S 1008,5/7/2025,Procured,,8,
Rooster and Rice,Rooster and Rice,Food,A.S 1008,5/7/2025,Procured,,17,
Kin,Kin,Food,A.S 1008,5/6/2025,Procured,,55,
Halal Guys,Halal Guys,Food,A.S 1008,5/5/2025,Procured,,17,
Panda,Panda,Food,A.S 1008,5/5/2025,Procured,,12,
Vox,Vox,Food,A.S 1008,5/4/2025,Procured,,21,
La Taqueria,La Taqueria,Food,A.S 1008,5/4/2025,Procured,,17,
Movie,Thunderbolts,Fun,A.S 1008,5/4/2025,Procured,20,20,0
Somisomi,Somisomi,Food,A.S 1008,5/3/2025,Procured,,4,
Avenue,Avenue,Food,A.S 1008,5/3/2025,Procured,,42,
ShinSenGumi,ShinSenGumi,Food,A.S 1008,5/1/2025,Procured,,22,
Rooster,Rooster,Food,A.S 1008,5/1/2025,Procured,,16,
Dummy HDMI,BKFK HDMI,Fun,A.S 1008,5/1/2025,Procured,3,3,0
7Leaves,7Leaves,Food,A.S 1008,4/30/2025,Procured,,6,
Capital,Capital,Food,A.S 1008,4/30/2025,Procured,,19,
Rito Points,RP,Fun,A.S 1008,4/30/2025,Procured,11,11,0
Brodard,Brodard,Food,A.S 1008,4/29/2025,Procured,,61,
EPL,EPL,Food,A.S 1008,4/29/2025,Procured,,16,
,"CAT6, MorandiSwitch, ASCoiled",PC,A.S 1008,4/28/2025,Procured,,78,
Rooster and Rice,Rooster and Rice,Food,A.S 1008,4/28/2025,Procured,,17,
Minecraft,Bedrock+Java,Fun,A.S 1008,4/28/2025,Procured,30,30,0
Keycaps,Osume Tsukimi Keycaps,PC,A.S 1008,4/28/2025,Procured,96,80,16
Smoke Queen,Smoke Queen,Food,A.S 1008,4/27/2025,Procured,,45,
Orobae,Orobae,Food,A.S 1008,4/27/2025,Procured,,6,
Metal Keyboard,Zoom75 TIGA,PC,A.S 1008,4/26/2025,Procured,240,220,20
Cable and Desk Mat,INIU + Felt,Tech,A.S 1008,4/26/2025,Procured,28,28,0
Dakao,Dakao,Food,A.S 1008,4/26/2025,Procured,,17,
Metal Numpad,ZoomPad TIGA,PC,A.S 1008,4/26/2025,Procured,112,112,0
3Cat,3Cat,Food,A.S 1008,4/26/2025,Procured,,7,
Tesla Covers,TESBEAUTY 7 covers,Tesla,A.S 1008,4/24/2025,Procured,69,69,0
Cha,Cha,Food,A.S 1008,4/24/2025,Procured,,8,
,Mioui Full Body,Fun,A.S 1008,4/23/2025,Procured,,80,
In N Out,In N Out,Food,A.S 1008,4/23/2025,Procured,,3,
No 1 Chinese,No 1 Chinese,Food,A.S 1008,4/23/2025,Procured,,11,
Sukihana,Sukihana,Food,A.S 1008,4/22/2025,Procured,,13,
Panda,Panda,Food,A.S 1008,4/22/2025,Procured,,12,
Capital,Capital,Food,A.S 1008,4/22/2025,Procured,,21,
CoCo Ichibanya,CoCo Ichibanya,Food,A.S 1008,4/22/2025,Procured,,25,
Windows 11 Pro,CDKeys Win 11 Pro,PC,A.S 1008,4/22/2025,Procured,200,1,199
Cha,Cha,Food,A.S 1008,4/22/2025,Procured,,8,
Pur Bowls,Pur Bowls,Food,A.S 1008,4/19/2025,Procured,,12,
Happy Lamb,Happy Lamb,Food,A.S 1008,4/19/2025,Procured,,39,
Simply Pho,Simply Pho,Food,A.S 1008,4/18/2025,Procured,,18,
Pillow,Room Pillow,Home,A.S 1008,4/18/2025,Procured,10,10,0
Rito Points,Riot Points,Fun,A.S 1008,4/18/2025,Procured,11,11,0
Brodard Express,Brodard Express,Food,A.S 1008,4/17/2025,Procured,,10,
Maruwu Seicha,Maruwu Seicha,Food,A.S 1008,4/17/2025,Procured,,18,
Sweet Maple,Sweet Maple,Food,A.S 1008,4/17/2025,Procured,,64,
Hummus,Hummus,Food,A.S 1008,4/17/2025,Procured,,34,
Starbucks,Starbucks,Food,A.S 1008,4/17/2025,Procured,,8,
Dough Zone,Dough Zone,Food,A.S 1008,4/17/2025,Procured,,32,
Earls,Earls,Food,A.S 1008,4/17/2025,Procured,,40,
Blue Bowl,Blue Bowl,Food,A.S 1008,4/14/2025,Procured,,12,
Com Tam TQC,Com Tam TQC,Food,A.S 1008,4/13/2025,Procured,,16,
Zachs Chicken,Zachs Chicken,Food,A.S 1008,4/12/2025,Procured,,17,
HMart,HMart,Food,A.S 1008,4/12/2025,Procured,,47,
Panda,Panda,Food,A.S 1008,4/11/2025,Procured,,9,
Cha,Cha,Food,A.S 1008,4/11/2025,Procured,,8,
Slurpin,Slurpin,Food,A.S 1008,4/11/2025,Procured,,22,
Rooster and Rice,Rooster and Rice,Food,A.S 1008,4/10/2025,Procured,,17,
Red Robin,Red Robin,Food,A.S 1008,4/9/2025,Procured,,16,
EPL,EPL,Food,A.S 1008,4/8/2025,Procured,,17,
Cha,Cha,Food,A.S 1008,4/7/2025,Procured,,8,
Vox,Vox,Food,A.S 1008,4/7/2025,Procured,,24,
Atra,Atra,Food,A.S 1008,4/6/2025,Procured,,7,
DMV Renew,Driver License Renew,Life,A.S 1008,4/6/2025,Procured,45,45,0
Toothpaste,Crest Optic White,Health,A.S 1008,4/6/2025,Procured,14,7,7
Global Entry Renew,GE and TSA Pre,Life,A.S 1008,4/6/2025,Procured,120,120,0
Da Hawaiian,Da Hawaiian,Food,A.S 1008,4/6/2025,Procured,,19,
Tony Slice,Tony Slice,Food,A.S 1008,4/5/2025,Procured,,16,
Cha,Cha,Food,A.S 1008,4/4/2025,Procured,,7,
Jumpa Thai,Jumpa Thai,Food,A.S 1008,4/4/2025,Procured,,34,
Rooster and Rice,Rooster and Rice,Food,A.S 1008,4/3/2025,Procured,,17,
,No Money Gif,Fun,A.S 1008,4/3/2025,Procured,,35,
Extension Cord,Amazon Basics Ext,PC,A.S 1008,4/3/2025,Procured,11,10,1
Kin,Kin,Food,A.S 1008,4/2/2025,Procured,,14,
Misc Cables,Anker HDMI USBC,PC,A.S 1008,4/2/2025,Procured,34,30,4
Paypal,Angel Rent,Life,A.S 1008,3/31/2025,Procured,1000,1000,0
Infuser Thermos,Pure Zen Infuser,Health,A.S 1008,3/31/2025,Procured,38,25,13
Foam Gun,Foam King Spray,Tesla,A.S 1008,3/31/2025,Procured,50,40,10
Car Wash Brush,Willingheart Car Brush,Tesla,A.S 1008,3/31/2025,Procured,25,22,3
Mugimaru,Mugimaru,Food,A.S 1008,3/31/2025,Procured,,15,
Chewie Mellow,Chewie Mellow,Food,A.S 1008,3/31/2025,Procured,,10,
Hot C,Hot C,Food,A.S 1008,3/30/2025,Procured,,36,
Tastea,Tastea,Food,A.S 1008,3/30/2025,Procured,,7,
Monitor Arm Mounts,Secretlab Mount,PC,A.S 1008,3/30/2025,Procured,300,300,0
Brodard,Brodard,Food,A.S 1008,3/29/2025,Procured,,23,
Disney Dole Whip,Disney Dole Whip,Food,A.S 1008,3/28/2025,Procured,,10,
Istanbul Grill,Istanbul Grill,Food,A.S 1008,3/27/2025,Procured,,27,
Cabinet Organizer,Elfa Narrow Cabinet,Home,A.S 1008,3/27/2025,Procured,144,109,35
Desk Vacuum,Hoto Vacuum,Tech,A.S 1008,3/26/2025,Procured,110,10,100
Taco Bell,Taco Bell,Food,A.S 1008,3/26/2025,Procured,,12,
Capital,Capital,Food,A.S 1008,3/26/2025,Procured,,23,
Rockin Sushi,Rockin Sushi,Food,A.S 1008,3/25/2025,Procured,,23,
Rooster and Rice,Rooster and Rice,Food,A.S 1008,3/24/2025,Procured,,16,
Desk,Secretlab Magnus,PC,A.S 1008,3/24/2025,Procured,766,726,40
Flame Broiler,Flame Broiler,Food,A.S 1008,3/24/2025,Procured,,9,
,Feve,Fun,A.S 1008,3/23/2025,Procured,,75,
Tape Measurer,Dewalt Tape,Home,A.S 1008,3/22/2025,Procured,24,24,0
Uber,LAX > Home,Travel,A.S 1008,3/20/2025,Procured,80,30,50
Dakao,Dakao,Food,A.S 1008,3/20/2025,Procured,,17,
Anker Pokemon,Anker Chargers,Tech,A.S 1008,3/19/2025,Procured,166,153,13
Matcha Tokyo,Matcha Tokyo,Food,A.S 1008,3/19/2025,Procured,,5,
Skytree Katsu,Skytree Katsu,Food,A.S 1008,3/19/2025,Procured,,19,
Shampoo,&Honey,Health,A.S 1008,3/19/2025,Procured,15,15,0
SkyTree Pokemon,Plushes,Fun,A.S 1008,3/19/2025,Procured,118,107,11
Anker,Pokemon Charging,Tech,A.S 1008,3/18/2025,Procured,66,59,7
DisneySea,Hats,Fun,A.S 1008,3/18/2025,Procured,50,46,4
Suica,Travel Card,Travel,A.S 1008,3/18/2025,Procured,13,13,0
Disney Shibuya,Plush Merch,Fun,A.S 1008,3/18/2025,Procured,46,42,4
DisneySea,DisneySea,Food,A.S 1008,3/18/2025,Procured,,6,
7-11,7-11,Food,A.S 1008,3/18/2025,Procured,,2,
RakuRaku,RakuRaku,Food,A.S 1008,3/18/2025,Procured,,25,
DisneySea,Blind Box,Gift,A.S 1008,3/18/2025,Procured,66,59,7
Ichiran,Ichiran,Food,A.S 1008,3/17/2025,Procured,,10,
Trip Expenses,Bus/Shinkansen/DisneyC,Travel,A.S 1008,3/16/2025,Procured,130,130,0
Uniqlo,Socks/Inner/Jacket,Apparel,A.S 1008,3/16/2025,Procured,67,61,6
Tomods,Cream/Clipper,Health,A.S 1008,3/16/2025,Procured,18,18,0
Ghibli Merch,Handkerchief,Fun,A.S 1008,3/16/2025,Procured,6,6,0
Suica,Travel Card,Travel,A.S 1008,3/16/2025,Procured,13,13,0
Tocen Goshobo Drinks,Tocen Goshobo Drinks,Food,A.S 1008,3/14/2025,Procured,,22,
7-11,7-11,Food,A.S 1008,3/14/2025,Procured,,15,
Suica,Travel Card,Travel,A.S 1008,3/14/2025,Procured,26,26,0
Bus,JR Bus Arima,Travel,A.S 1008,3/13/2025,Procured,10,10,0
Ramen Makotoya,Ramen Makotoya,Food,A.S 1008,3/12/2025,Procured,,9,
Kyoto Unagi,Kyoto Unagi,Food,A.S 1008,3/12/2025,Procured,,41,
Hydrating Lotion,Gokujyun Premium,Health,A.S 1008,3/12/2025,Procured,7,7,0
McDonalds,McDonalds,Food,A.S 1008,3/11/2025,Procured,,7,
House of Shabu 2,House of Shabu 2,Food,A.S 1008,3/10/2025,Procured,,56,
Kaiser,Medical Bill,Health,A.S 1008,3/10/2025,Procured,20,20,0
Nook,Nook,Food,A.S 1008,3/9/2025,Procured,,13,
eSim,Ubigi 10GB eSim,Travel,A.S 1008,3/9/2025,Procured,18,16,2
Wushiland,Wushiland,Food,A.S 1008,3/9/2025,Procured,,6,
Japan25 Tokyo Hotel,Ulu Tokyo,Travel,A.S 1008,3/9/2025,Procured,1601,1601,0
Togos,Togos,Food,A.S 1008,3/8/2025,Procured,,17,
Flame Broiler,Flame Broiler,Food,A.S 1008,3/8/2025,Procured,,18,
Japan25 Osaka Hotel,Cross Hotel Osaka,Travel,A.S 1008,3/7/2025,Procured,920,919,1
Rooster Rice,Rooster Rice,Food,A.S 1008,3/7/2025,Procured,,16,
GPU XFX Mercury,AMD RX 9070 XT,PC,A.S 1008,3/6/2025,Procured,800,800,0
Japan25 Fuji Hotel,Rakuten STAY Hakone,Travel,A.S 1008,3/6/2025,Procured,672,610,62
,Noctua NF-A14x25,PC,A.S 1008,3/6/2025,Procured,,0,
McDonalds,McDonalds,Food,A.S 1008,3/5/2025,Procured,,21,
Japan25 Kobe Ryokan,Arima Onsen Goshobo,Travel,A.S 1008,3/5/2025,Procured,2697,2438,259
Capital,Capital,Food,A.S 1008,3/4/2025,Procured,,20,
Outback Steak,Outback Steak,Food,A.S 1008,3/4/2025,Procured,,40,
EPL,EPL,Food,A.S 1008,3/3/2025,Procured,,13,
Panda Ex,Panda Ex,Food,A.S 1008,3/3/2025,Procured,,12,
Tastea,Tastea,Food,A.S 1008,3/2/2025,Procured,,8,
Japan25 Flight,JAL Round Trip,Travel,A.S 1008,3/1/2025,Procured,840,840,0
Japan25 Flight,Peach Tokyo to Osaka,Travel,A.S 1008,3/1/2025,Procured,62,62,0
Urban Plates,Urban Plates,Food,A.S 1008,3/1/2025,Procured,,18,
Casey Grill,Casey Grill,Food,A.S 1008,2/28/2025,Procured,,17,
Storage,Target Bin,Home,A.S 1008,2/28/2025,Procured,10,10,0
BYLT Warehouse,BYLT,Apparel,A.S 1008,2/28/2025,Procured,908,375,533
Fast Hotpot,Fast Hotpot,Food,A.S 1008,2/28/2025,Procured,,20,
Capital,Capital,Food,A.S 1008,2/27/2025,Procured,,20,
Cava,Cava,Food,A.S 1008,2/27/2025,Procured,,13,
Federal Tax Owed,Annual Taxes,Fun,A.S 1008,2/27/2025,Procured,927,927,0
Paradise,Paradise,Food,A.S 1008,2/26/2025,Procured,,18,
Cha,Cha,Food,A.S 1008,2/26/2025,Procured,,8,
Kin,Kin,Food,A.S 1008,2/25/2025,Procured,,14,
EPL,EPL,Food,A.S 1008,2/25/2025,Procured,,11,
EPL,EPL,Food,A.S 1008,2/24/2025,Procured,,6,
Simply Pho,Simply Pho,Food,A.S 1008,2/24/2025,Procured,,18,
Banh Cuon LL,Banh Cuon LL,Food,A.S 1008,2/23/2025,Procured,,14,
Red Flame,Red Flame,Food,C.F 3882,2/22/2025,Procured,,26,
Dakao,Dakao,Food,A.S 1008,2/22/2025,Procured,,16,
EPL,EPL,Food,A.S 1008,2/21/2025,Procured,,13,
Kizik Shoes,Athens 2 Blackout Size 8,Apparel,A.S 1008,2/21/2025,Procured,139,119,20
CHA,CHA,Food,A.S 1008,2/20/2025,Procured,,7,
Washer Fluid,Kristal Klarr Fluid,Tesla,A.S 1008,2/19/2025,Procured,40,27,13
Curry Do,Curry Do,Food,A.S 1008,2/19/2025,Procured,,20,
EPL,EPL,Food,A.S 1008,2/18/2025,Procured,,12,
London Chippy,London Chippy,Food,A.S 1008,2/17/2025,Procured,,16,
Paradise,Paradise,Food,A.S 1008,2/17/2025,Procured,,22,
Com Tam TQC,Com Tam TQC,Food,A.S 1008,2/16/2025,Procured,,17,
Tastea,Tastea,Food,A.S 1008,2/16/2025,Procured,,7,
Cuts Jackets,Warehouse Sale,Apparel,A.S 1008,2/15/2025,Procured,350,90,260
No1 C,No1 C,Food,A.S 1008,2/13/2025,Procured,,12,
Dominos,Dominos,Food,A.S 1008,2/13/2025,Procured,,10,
Capital,Capital,Food,A.S 1008,2/12/2025,Procured,,20,
Paradise,Paradise,Food,A.S 1008,2/11/2025,Procured,,21,
Shin Sen Gumi,Shin Sen Gumi,Food,A.S 1008,2/11/2025,Procured,,30,
Discord Snek,Discord Snake Icon + Banner,Fun,A.S 1008,2/11/2025,Procured,10,9,1
EPL,EPL,Food,A.S 1008,2/10/2025,Procured,,13,
Farmers Market,Farmers Market,Food,A.S 1008,2/9/2025,Procured,,20,
Grams,Grams,Food,A.S 1008,2/9/2025,Procured,,44,
Baking,Baking,Food,A.S 1008,2/9/2025,Procured,,16,
Ceramic Mug,Geeki Tiki Mando Mug,Gift,A.S 1008,2/8/2025,Procured,40,40,0
Stonefire Grill,Stonefire Grill,Food,A.S 1008,2/8/2025,Procured,,20,
Tesla Trunk Organizer,Spigen Side Trunk Organizer,Tesla,A.S 1008,2/8/2025,Procured,55,51,4
Matte Black Trash Can,Kholer 8G Stainless Steel,Home,A.S 1008,2/8/2025,Procured,80,80,0
Apple Tracker Card,RhinoCard Apple Card,Travel,A.S 1008,2/8/2025,Procured,40,30,10
Cha,Cha,Food,A.S 1008,2/8/2025,Procured,,7,
Cha,Cha,Food,A.S 1008,2/6/2025,Procured,,7,
Capital,Capital,Food,A.S 1008,2/6/2025,Procured,,20,
EPL,EPL,Food,A.S 1008,2/5/2025,Procured,,7,
EPL,EPL,Food,A.S 1008,2/4/2025,Procured,,13,
Brodard,Brodard,Food,A.S 1008,2/4/2025,Procured,,24,
Cooling System,NZXT Kraken 360,PC,A.S 1008,2/3/2025,Procured,190,180,10
,AMD Ryzen 7 7800X3D,PC,A.S 1008,2/3/2025,Procured,,450,
Shabuya,Shabuya,Food,A.S 1008,2/3/2025,Procured,,35,
Power Supply,SF Leadex III Gold UP 850 W,PC,A.S 1008,2/3/2025,Procured,196,120,76
Motherboard,GIGABYTE X870 EAGLE AM5,PC,A.S 1008,2/3/2025,Procured,244,220,24
EPL,EPL,Food,A.S 1008,2/3/2025,Procured,,13,
RAM,G.SKILL Trident Z5 Neo RGB,PC,A.S 1008,2/3/2025,Procured,112,112,0
Kin,Kin,Food,A.S 1008,2/3/2025,Procured,,23,
,Fractal Design North Mid Tower,PC,A.S 1008,2/3/2025,Procured,,140,
Simply Pho,Simply Pho,Food,A.S 1008,2/1/2025,Procured,,18,
Gyutan,Gyutan,Food,A.S 1008,1/31/2025,Procured,,34,
Slurpin,Slurpin,Food,A.S 1008,1/30/2025,Procured,,12,
Carry On Luggage,Monos Carry On,Travel,A.S 1008,1/29/2025,Procured,265,212,53
Capital,Capital,Food,A.S 1008,1/29/2025,Procured,,19,
Tesla Core Jacket,Tesla Core Jacket (S),Apparel,A.S 1008,1/27/2025,Procured,120,120,0
EPL,EPL,Food,A.S 1008,1/27/2025,Procured,,13,
Com Tam TQC,Com Tam TQC,Food,A.S 1008,1/26/2025,Procured,,18,
Noks,Noks,Food,A.S 1008,1/25/2025,Procured,,34,
Mitsuwa,Mitsuwa,Food,A.S 1008,1/24/2025,Procured,,11,
Paradise,Paradise,Food,A.S 1008,1/23/2025,Procured,,21,
McD,McD,Food,A.S 1008,1/23/2025,Procured,,11,
Tesla Wall Charger Holder,Spigen Bespoke Cable Organizer,Tesla,A.S 1008,1/22/2025,Procured,35,24,11
Rooster,Rooster,Food,A.S 1008,1/22/2025,Procured,,16,
Capital,Capital,Food,A.S 1008,1/21/2025,Procured,,20,
Apple Watch 10 Protector,Spigen Tough Armor Case,Tech,A.S 1008,1/21/2025,Procured,27,27,0
NEMA 14-50 Install,Electrician,Tesla,A.S 1008,1/20/2025,Procured,900,900,0
Tesla Frunk Light,TPARTS Frunk LED Strip,Tesla,A.S 1008,1/20/2025,Procured,35,35,0
Hot C,Hot C,Food,A.S 1008,1/19/2025,Procured,,36,
Sen,Sen,Food,A.S 1008,1/18/2025,Procured,,18,
Taco Bell,Taco Bell,Food,A.S 1008,1/18/2025,Procured,,14,
Curry Do,Curry Do,Food,A.S 1008,1/17/2025,Procured,,20,
JITB,JITB,Food,A.S 1008,1/16/2025,Procured,,13,
Brodard,Brodard,Food,A.S 1008,1/15/2025,Procured,,13,
3CAT,3CAT,Food,A.S 1008,1/15/2025,Procured,,13,
Capital,Capital,Food,A.S 1008,1/15/2025,Procured,,20,
7Leaves,7Leaves,Food,A.S 1008,1/14/2025,Procured,,6,
No1 CF,No1 CF,Food,A.S 1008,1/13/2025,Procured,,12,
Hungry Boy,Hungry Boy,Food,A.B.1007,1/12/2025,Procured,,16,
Com Tam TQC,Com Tam TQC,Food,A.B.1007,1/11/2025,Procured,,18,
Document Organizer,ENGPOW Accordion Organizer,Home,A.B.1007,1/11/2025,Procured,30,26,4
Habit,Habit,Food,A.B.1007,1/11/2025,Procured,,16,
Slurpin,Slurpin,Food,A.B.1007,1/10/2025,Procured,,12,
Meiji,Meiji,Food,A.B.1007,1/9/2025,Procured,,24,
Panda Ex,Panda Ex,Food,A.B.1007,1/8/2025,Procured,,12,
Rooster,Rooster,Food,A.B.1007,1/7/2025,Procured,,15,
Capital,Capital,Food,A.B.1007,1/6/2025,Procured,,20,
Quan Mii,Quan Mii,Food,A.B.1007,1/5/2025,Procured,,19,
MyQ Smart Garage,CHAMBERLAIN Garage Control,Tesla,A.B.1007,1/5/2025,Procured,30,28,2
Pho HB,Pho HB,Food,A.B.1007,1/5/2025,Procured,,22,
Tesla Armrest Organizer,Spigen Armrest Organizer,Tesla,A.B.1007,1/5/2025,Procured,34,26,8
Seasurf,Seasurf,Food,A.B.1007,1/4/2025,Procured,,11,
Tesla Metal Pedals,Spigen Stuttgart Type A,Tesla,A.B.1007,1/4/2025,Procured,60,40,20
Tesla Cup Holder,HALOBLK Console Cup Holder,Tesla,A.B.1007,1/4/2025,Procured,23,23,0
3CAT,3CAT,Food,A.B.1007,1/4/2025,Procured,,7,
Blue Bowl,Blue Bowl,Food,A.B.1007,1/3/2025,Procured,,12,
Raising Canes,Raising Canes,Food,A.B.1007,1/3/2025,Procured,,20,
SSD M2,Samsung 990 PRO SSD 4TB,PC,A.S 1008,1/3/2025,Procured,465,300,165
Sen,Sen,Food,A.B.1007,1/2/2025,Procured,,40,
Ini,Ini,Food,A.B.1007,1/1/2025,Procured,,43,
Tesla Touch Up Paint,Paint Repair Stealth Grey - PN01,Tesla,A.B.1007,12/31/2024,Procured,75,75,0
Tesla Center Organizer,Spigen Center Console Organizer,Tesla,A.B.1007,12/20/2024,Procured,33,28,5
Aloe Gel,Seven Minerals Aloe Vera,Health,A.B.1007,12/20/2024,Procured,25,17,8
Tesla Screen Box,Under Screen Storage Box,Tesla,A.B.1007,12/20/2024,Procured,48,44,4
All Weather Floor Mats,3D MAXpider Floor Mats,Tesla,A.B.1007,12/20/2024,Procured,312,240,72
Car Tire Inflator,Fanttik X8 APEX EV Tire Inflator,Tesla,A.B.1007,12/20/2024,Procured,99,87,12
Tesla Storage Box,Spigen Hidden Storage Box,Tesla,A.B.1007,12/20/2024,Procured,28,23,5
Apple Watch Band,Aulumu A11 Mag Band,Tech,A.B.1007,12/20/2024,Procured,40,40,0
Apple Watch,Apple Watch 10,Tech,A.B.1007,12/20/2024,Procured,430,380,50
Tesla Document Holder,Spigen Car Registration Holder,Tesla,A.B.1007,12/20/2024,Procured,30,25,5
Manscape Razor,Gillette Intimate Pubic Hair Razor,Health,A.B.1007,12/20/2024,Procured,22,22,0
Knob and Commander,S3XY Knob Commander Combo,Tesla,A.B.1007,12/20/2024,Procured,380,322,58
Car Vacuum Cleaner,Fanttik Slim V8 Apex,Tesla,A.B.1007,12/20/2024,Procured,100,76,24
Tesla Center Console Cover,Spigen Center Console Armrest,Tesla,A.B.1007,12/20/2024,Procured,40,36,4
Tesla Screen Protector,Spigen Tempered Glass Protector,Tesla,A.B.1007,12/20/2024,Procured,43,43,0
Tesla Trunk Frunk Mat,Spigen WeatherBloc Mat Set,Tesla,A.B.1007,12/20/2024,Procured,150,150,0
Airpod Max Cup,Spigen Urban Fit,Tech,A.B.1007,12/18/2024,Procured,30,19,11
Throw Blanket,Snuggle Sac Heather Black,Home,A.B.1007,12/18/2024,Procured,40,30,10
Airpod Max Band,AWINNER Headband,Tech,A.B.1007,12/18/2024,Procured,9,9,0
Windshield Sunshade,Spigen Triple-Coated CryoShade,Tesla,A.B.1007,12/18/2024,Procured,40,34,6
Airpods Max Stand,The Max Stand,Tech,A.S 1008,12/17/2024,Procured,89,89,0
Streaming Webcam,Logitech 2017 Brio 4K Webcam,Gift,A.B.1007,12/15/2024,Procured,200,140,60
Laser Hair Removal,6 Sessions SEV Laser,Health,A.B.1007,12/6/2024,Procured,540,260,280
Shaving Cream,Gillette Intimate 2 in 1 Cream,Health,A.B.1007,12/5/2024,Procured,10,10,0
Numbing Cream,Ebanel 5% Lidocaine Cream,Health,A.B.1007,12/5/2024,Procured,18,18,0
Manscape Trimmer,Gillette Intimate Men’s Manscape,Health,A.B.1007,12/5/2024,Procured,60,60,0
Drying Rack,Honey-Can-Do DRY-09065,Home,A.B.1007,11/29/2024,Procured,40,24,16
Govee Lamps,Govee RGBIC Smart Lamp,Tech,A.B.1007,11/27/2024,Procured,100,55,45
Govee Lamps,Govee RGBIC Smart Lamp,Gift,A.B.1007,11/27/2024,Procured,100,55,45
Car Wash Fluid,Meguiars Gold Car Wash Soap,Tesla,A.B.1007,11/27/2024,Procured,25,21,4
Microfiber Cleaner,ChemGuys Microfiber Detergent,Tesla,A.B.1007,11/27/2024,Procured,13,13,0
Echo Spot,Echo Spot 2024,Tech,A.B.1007,11/27/2024,Procured,80,45,35
Govee Lamps,Govee RGBIC Smart Lamp,Gift,A.B.1007,11/27/2024,Procured,100,55,45
Sunglasses Holder,BASENOR Sunglasses Holder,Tesla,A.B.1007,11/23/2024,Procured,20,17,3
Tesla Stalks,Enhauto S3XY Stalks,Tesla,A.B.1007,11/22/2024,Procured,375,300,75
Tesla Lift Pad,Chirano Lifting Jack Pad,Tesla,A.B.1007,11/21/2024,Procured,35,20,15
iPad Pro,2022 iPad Pro,Tech,A.B.1007,11/18/2024,Procured,1000,784,216
Korin Sling,Click Sling S,Apparel,A.S 1008,11/18/2024,Procured,130,40,90
Benks Watch Band,Benks Magnetic Silicone Band,Tech,A.B.1007,11/18/2024,Procured,30,13,17
BenQ Stand,BenQ Webcam Adaptor,Tech,A.B.1007,11/18/2024,Procured,20,20,0
LTT Screwdriver,LTT Screwdriver,Home,A.B.1007,11/18/2024,Procured,70,40,30
BenQ Lightbar,BenQ ScreenBar Halo LED,Tech,A.B.1007,11/18/2024,Procured,180,180,0
Apple Pencil,Apple Pencil (2nd Generation),Tech,A.B.1007,11/18/2024,Procured,130,80,50
Airpods Pro 2,Airpods Pro 2,Tech,A.B.1007,11/17/2024,Procured,250,160,90
3-1 Travel Charger,Anker MagSafe MagGo,Travel,A.B.1007,11/17/2024,Procured,90,63,27
Airpods Pro 2 Case,ESR for AirPods Pro 2nd,Tech,A.B.1007,11/17/2024,Procured,24,10,14
3-1 Charging Stand,Anker MagGo 3,Tech,A.B.1007,11/17/2024,Procured,100,72,28
Windshield Washer Fluid,Rain-X Washer Fluid,Tesla,A.B.1007,10/21/2024,Procured,15,14,1
Embody Headrest,Atlas Embody Headrest,Home,A.B.1007,9/3/2023,Procured,190,190,0
Ergonomic Chair,Embody Logitech Chair,Home,A.B.1007,8/5/2023,Procured,1995,1356,639
Lego Smart Play,Luke's Red Five X-Wing,Gift,HILTON HONORS SURPASS,5/2/2026,Procured,90,90,
Bourbon Steak,,Food,HILTON HONORS SURPASS,5/2/2026,Procured,175,175,0
Waldorf Astoria Parking,,Travel,HILTON HONORS SURPASS,5/3/2026,Procured,75,75,0
Hole Mole,,Food,HILTON HONORS SURPASS,5/3/2026,Procured,15,15,0
Holiday Inn Express,,Travel,HILTON HONORS SURPASS,4/29/2026,Procured,608,608,0
Slurpin Ramen,,Food,HILTON HONORS SURPASS,5/5/2026,Procured,27,27,0
Skewers,,Food,VENMO,5/5/2026,Procured,60,60,0
Vox,,Food,HILTON HONORS SURPASS,5/6/2026,Procured,25,25,0
Medocino Farms,,Food,HILTON HONORS SURPASS,5/6/2026,Procured,26,26,0
Vons,,Food,HILTON HONORS SURPASS,5/6/2026,Procured,8,8,0
Afters,,Food,HILTON HONORS SURPASS,5/6/2026,Procured,7,7,0
Capital Noodle,,Food,HILTON HONORS SURPASS,5/7/2026,Procured,22,22,0
Pho Lab,,Food,HILTON HONORS SURPASS,5/7/2026,Procured,27,27,0
1954 Bakery,,Food,HILTON HONORS SURPASS,5/8/2026,Procured,26,26,0
Zion Market,,Food,HILTON HONORS SURPASS,5/8/2026,Procured,50,50,0